{"cameraMode":{"drawMode":0,"name":"Shaded","section":"Shading Mode"},"sceneLighting":false,"audioPlay":false,"sceneViewState":{"m_AlwaysRefresh":false,"showFog":true,"showSkybox":false,"showFlares":true,"showImageEffects":true,"showParticleSystems":true,"showVisualEffectGraphs":true,"m_FxEnabled":true},"in2DMode":false,"pivot":{"x":-0.01512572169303894,"y":0.3219643533229828,"z":-0.036240413784980777},"rotation":{"x":-0.2154749035835266,"y":0.6042378544807434,"z":-0.17428109049797059,"w":-0.7470591068267822},"size":1.0966893434524537,"orthographic":false}